{"stats":{"minecraft:mined":{"minecraft:grass_block":3,"minecraft:grass":6,"minecraft:melon":5,"minecraft:dirt":6,"minecraft:birch_log":19,"minecraft:stone":8,"minecraft:birch_leaves":2,"minecraft:crafting_table":1},"minecraft:picked_up":{"minecraft:birch_log":19,"minecraft:crafting_table":1,"minecraft:stick":2,"minecraft:wheat_seeds":1,"minecraft:porkchop":12,"minecraft:melon_slice":28,"minecraft:birch_sapling":4,"minecraft:dirt":9,"minecraft:cobblestone":8},"minecraft:used":{"minecraft:wooden_axe":25,"minecraft:crafting_table":1,"minecraft:birch_sapling":1,"minecraft:wooden_pickaxe":9},"minecraft:custom":{"minecraft:time_since_rest":7813,"minecraft:crouch_one_cm":4980,"minecraft:sprint_one_cm":601,"minecraft:play_time":7813,"minecraft:damage_taken":30,"minecraft:walk_one_cm":41066,"minecraft:sneak_time":1419,"minecraft:mob_kills":6,"minecraft:drop":1,"minecraft:jump":198,"minecraft:damage_dealt":600,"minecraft:leave_game":1,"minecraft:time_since_death":7813,"minecraft:total_world_time":7813,"minecraft:climb_one_cm":367,"minecraft:interact_with_crafting_table":1,"minecraft:fall_one_cm":5767,"minecraft:fly_one_cm":714},"minecraft:killed":{"minecraft:pig":6},"minecraft:crafted":{"minecraft:birch_planks":76,"minecraft:crafting_table":1,"minecraft:stick":4,"minecraft:wooden_pickaxe":1,"minecraft:wooden_axe":1},"minecraft:dropped":{"minecraft:wheat_seeds":1}},"DataVersion":3465}