{"stats":{"minecraft:picked_up":{"minecraft:wheat_seeds":1,"minecraft:birch_sapling":1,"minecraft:dirt":1},"minecraft:used":{"minecraft:birch_sapling":1,"minecraft:dirt":1},"minecraft:custom":{"minecraft:jump":130,"minecraft:time_since_rest":5904,"minecraft:walk_on_water_one_cm":715,"minecraft:sprint_one_cm":15923,"minecraft:play_time":5904,"minecraft:damage_taken":30,"minecraft:time_since_death":5904,"minecraft:walk_one_cm":12542,"minecraft:sneak_time":60,"minecraft:climb_one_cm":491,"minecraft:total_world_time":5904,"minecraft:walk_under_water_one_cm":209,"minecraft:swim_one_cm":2232,"minecraft:fall_one_cm":3217,"minecraft:fly_one_cm":22019},"minecraft:mined":{"minecraft:grass":8,"minecraft:grass_block":1,"minecraft:fern":1}},"DataVersion":3465}