{"stats":{"minecraft:picked_up":{"minecraft:birch_sapling":1,"minecraft:birch_log":6},"minecraft:crafted":{"minecraft:birch_planks":24},"minecraft:custom":{"minecraft:jump":49,"minecraft:time_since_rest":2856,"minecraft:crouch_one_cm":1147,"minecraft:sprint_one_cm":1005,"minecraft:play_time":2856,"minecraft:time_since_death":2856,"minecraft:walk_one_cm":13179,"minecraft:sneak_time":344,"minecraft:climb_one_cm":380,"minecraft:total_world_time":2856,"minecraft:fall_one_cm":1254,"minecraft:fly_one_cm":600},"minecraft:mined":{"minecraft:birch_log":6}},"DataVersion":3465}